PERMNO,Company Name,Ticker,SP500 Start,SP500 End
10104,ORACLE CORP,ORCL,"Aug. 3, 1989","Dec. 31, 2024"
10107,MICROSOFT CORP,MSFT,"June 7, 1994","Dec. 31, 2024"
10138,T ROWE PRICE GROUP INC,TROW,"Oct. 13, 1999","Dec. 31, 2024"
10145,HONEYWELL INTERNATIONAL INC,HON,"Dec. 31, 1925","Dec. 31, 2024"
10516,ARCHER DANIELS MIDLAND CO,ADM,"July 30, 1981","Dec. 31, 2024"
10696,FISERV INC,FISV,"April 2, 2001","Dec. 31, 2024"
11308,COCA COLA CO,KO,"March 1, 1957","Dec. 31, 2024"
11403,CADENCE DESIGN SYSTEMS INC,CDNS,"Sept. 18, 2017","Dec. 31, 2024"
11404,CONSOLIDATED EDISON INC,ED,"Dec. 31, 1925","Dec. 31, 2024"
11600,DENTSPLY SIRONA INC,XRAY,"Nov. 14, 2008",2-Apr-24
11618,FASTENAL CO,FAST,"Sept. 15, 2008","Dec. 31, 2024"
11674,D T E ENERGY CO,DTE,"Dec. 31, 1925","Dec. 31, 2024"
11762,EATON CORP PLC,ETN,"March 1, 1957","Dec. 31, 2024"
11786,S V B FINANCIAL GROUP,SIVB,"March 19, 2018",14-Mar-23
11850,EXXON MOBIL CORP,XOM,"Dec. 31, 1925","Dec. 31, 2024"
11891,M G M RESORTS INTERNATIONAL,MGM,"July 26, 2017","Dec. 31, 2024"
11955,WASTE MANAGEMENT INC DEL,WM,"July 17, 1998","Dec. 31, 2024"
12052,GENERAL DYNAMICS CORP,GD,"March 1, 1957","Dec. 31, 2024"
12060,GENERAL ELECTRIC CO,GE,"March 1, 1957","Dec. 31, 2024"
12062,LABORATORY CORP AMERICA HLDGS,LH,"Nov. 1, 2004","Dec. 31, 2024"
12084,N X P SEMICONDUCTORS N V,NXPI,"March 22, 2021","Dec. 31, 2024"
12308,CHARTER COMMUNICATIONS INC NEW,CHTR,"Sept. 8, 2016","Dec. 31, 2024"
12345,LYONDELLBASELL INDUSTRIES N V,LYB,"Sept. 5, 2012","Dec. 31, 2024"
12369,GENERAL MOTORS CO,GM,"June 7, 2013","Dec. 31, 2024"
12431,TRANE TECHNOLOGIES PLC,TT,"Nov. 17, 2010","Dec. 31, 2024"
12448,FIRST REPUBLIC BANK S F NEW,FRC,"Jan. 2, 2019",3-May-23
12449,FLEETCOR TECHNOLOGIES INC,FLT,"June 20, 2018","Dec. 31, 2024"
12476,TARGA RESOURCES CORP,TRGP,"Oct. 12, 2022","Dec. 31, 2024"
12490,INTERNATIONAL BUSINESS MACHS COR,IBM,"March 1, 1957","Dec. 31, 2024"
12558,KINDER MORGAN INC,KMI,"May 25, 2012","Dec. 31, 2024"
12622,H C A HEALTHCARE INC,HCA,"Jan. 27, 2015","Dec. 31, 2024"
12623,HUNTINGTON INGALLS INDS INC,HII,"Jan. 3, 2018","Dec. 31, 2024"
12872,MARATHON PETROLEUM CORP,MPC,"July 1, 2011","Dec. 31, 2024"
13035,XYLEM INC,XYL,"Nov. 1, 2011","Dec. 31, 2024"
13103,APTIV PLC,APTV,"Dec. 24, 2012","Dec. 31, 2024"
13210,EPAM SYSTEMS INC,EPAM,"Dec. 14, 2021","Dec. 31, 2024"
13323,ENPHASE ENERGY INC,ENPH,"Jan. 7, 2021","Dec. 31, 2024"
13356,PHILLIPS 66,PSX,"May 1, 2012","Dec. 31, 2024"
13407,META PLATFORMS INC,META,"Dec. 23, 2013","Dec. 31, 2024"
13447,SERVICENOW INC,NOW,"Nov. 21, 2019","Dec. 31, 2024"
13586,PENTAIR PLC,PNR,"Oct. 1, 2012","Dec. 31, 2024"
13641,DIAMONDBACK ENERGY INC,FANG,"Dec. 3, 2018","Dec. 31, 2024"
13688,P G & E CORP,PCG,"Oct. 3, 2022","Dec. 31, 2024"
13721,ABBVIE INC,ABBV,"Jan. 2, 2013","Dec. 31, 2024"
13760,NORWEGIAN CRUISE LINE HLDGS LTD,NCLH,"Oct. 13, 2017","Dec. 31, 2024"
13788,ZOETIS INC,ZTS,"June 24, 2013","Dec. 31, 2024"
13856,PEPSICO INC,PEP,"March 1, 1957","Dec. 31, 2024"
13901,ALTRIA GROUP INC,MO,"March 1, 1957","Dec. 31, 2024"
13911,IQVIA HOLDINGS INC,IQV,"Aug. 29, 2017","Dec. 31, 2024"
13928,CONOCOPHILLIPS,COP,"March 1, 1957","Dec. 31, 2024"
13949,C D W CORP NEW,CDW,"Sept. 23, 2019","Dec. 31, 2024"
13963,NEWS CORP NEW,NWSA,"July 1, 2013","Dec. 31, 2024"
13964,NEWS CORP NEW,NWS,"Sept. 21, 2015","Dec. 31, 2024"
14008,AMGEN INC,AMGN,"Jan. 2, 1992","Dec. 31, 2024"
14277,SCHLUMBERGER LTD,SLB,"March 4, 1965","Dec. 31, 2024"
14297,ALLEGION PLC,ALLE,"Dec. 2, 2013","Dec. 31, 2024"
14338,HILTON WORLDWIDE HOLDINGS INC,HLT,"June 19, 2017","Dec. 31, 2024"
14541,CHEVRON CORP NEW,CVX,"Dec. 31, 1925","Dec. 31, 2024"
14542,ALPHABET INC,GOOG,"April 3, 2014","Dec. 31, 2024"
14579,PAYCOM SOFTWARE INC,PAYC,"Jan. 28, 2020","Dec. 31, 2024"
14593,APPLE INC,AAPL,"Nov. 18, 1982","Dec. 31, 2024"
14702,APPLIED MATERIALS INC,AMAT,"March 16, 1995","Dec. 31, 2024"
14714,ARISTA NETWORKS INC,ANET,"Aug. 28, 2018","Dec. 31, 2024"
14763,CATALENT INC,CTLT,"Sept. 21, 2020","Dec. 20, 2024"
14776,SYNCHRONY FINANCIAL,SYF,"Nov. 18, 2015","Dec. 31, 2024"
14882,CAESARS ENTERTAINMENT INC DE,CZR,"March 22, 2021","Dec. 31, 2024"
14889,CITIZENS FINANCIAL GROUP INC,CFG,"Feb. 1, 2016","Dec. 31, 2024"
14939,KEYSIGHT TECHNOLOGIES INC,KEYS,"Nov. 6, 2018","Dec. 31, 2024"
15069,MARATHON OIL CORP,MRO,"Dec. 31, 1925","Nov. 25, 2024"
15202,VULCAN MATERIALS CO,VMC,"July 1, 1999","Dec. 31, 2024"
15272,SOLAREDGE TECHNOLOGIES INC,SEDG,"Dec. 20, 2021","Dec. 15, 2023"
15291,ETSY INC,ETSY,"Sept. 21, 2020","Sept. 20, 2024"
15408,KRAFT HEINZ CO,KHC,"July 6, 2015","Dec. 31, 2024"
15488,PAYPAL HOLDINGS INC,PYPL,"July 20, 2015","Dec. 31, 2024"
15579,TEXAS INSTRUMENTS INC,TXN,"March 25, 1959","Dec. 31, 2024"
15707,HEWLETT PACKARD ENTERPRISE CO,HPE,"Nov. 2, 2015","Dec. 31, 2024"
15720,EDISON INTERNATIONAL,EIX,"Dec. 31, 1925","Dec. 31, 2024"
15850,MATCH GROUP INC NEW,MTCH,"Sept. 20, 2021","Dec. 31, 2024"
16087,FORTIVE CORP,FTV,"July 5, 2016","Dec. 31, 2024"
16431,LAMB WESTON HOLDINGS INC,LW,"Dec. 3, 2018","Dec. 31, 2024"
16581,INVITATION HOMES INC,INVH,"Sept. 19, 2022","Dec. 31, 2024"
16600,HERSHEY CO,HSY,"March 1, 1957","Dec. 31, 2024"
16678,KROGER CO,KR,"March 1, 1957","Dec. 31, 2024"
16692,INGERSOLL RAND INC,IR,"March 3, 2020","Dec. 31, 2024"
16851,DUPONT DE NEMOURS INC,DD,"Sept. 1, 2017","Dec. 31, 2024"
17005,C V S HEALTH CORP,CVS,"March 1, 1957","Dec. 31, 2024"
17144,GENERAL MILLS INC,GIS,"Feb. 13, 1969","Dec. 31, 2024"
17307,VICI PROPERTIES INC,VICI,"June 8, 2022","Dec. 31, 2024"
17478,S & P GLOBAL INC,SPGI,"March 1, 1957","Dec. 31, 2024"
17700,CERIDIAN H C M HOLDING INC,CDAY,"Sept. 20, 2021","Dec. 31, 2024"
17743,BERKLEY W R CORP,WRB,"Dec. 5, 2019","Dec. 31, 2024"
17750,KIMBERLY CLARK CORP,KMB,"March 1, 1957","Dec. 31, 2024"
17830,RAYTHEON TECHNOLOGIES CORP,RTX,"March 1, 1957","Dec. 31, 2024"
17942,KEURIG DR PEPPER INC,KDP,"June 21, 2022","Dec. 31, 2024"
18143,LINDE PLC,LIN,"Oct. 31, 2018","Dec. 31, 2024"
18163,PROCTER & GAMBLE CO,PG,"March 1, 1957","Dec. 31, 2024"
18312,MODERNA INC,MRNA,"July 21, 2021","Dec. 31, 2024"
18411,SOUTHERN CO,SO,"June 7, 1944","Dec. 31, 2024"
18420,FOX CORP,FOXA,"March 19, 2019","Dec. 31, 2024"
18421,FOX CORP,FOX,"March 19, 2019","Dec. 31, 2024"
18428,DOW INC,DOW,"April 2, 2019","Dec. 31, 2024"
18542,CATERPILLAR INC,CAT,"March 1, 1957","Dec. 31, 2024"
18592,CORTEVA INC,CTVA,"June 3, 2019","Dec. 31, 2024"
18724,AMCOR PLC,AMCR,"June 11, 2019","Dec. 31, 2024"
18729,COLGATE PALMOLIVE CO,CL,"March 1, 1957","Dec. 31, 2024"
19166,F M C CORP,FMC,"Aug. 19, 2009","Dec. 31, 2024"
19285,CARRIER GLOBAL CORP,CARR,"April 3, 2020","Dec. 31, 2024"
19286,OTIS WORLDWIDE CORP,OTIS,"April 3, 2020","Dec. 31, 2024"
19350,DEERE & CO,DE,"March 1, 1957","Dec. 31, 2024"
19393,BRISTOL MYERS SQUIBB CO,BMY,"March 1, 1957","Dec. 31, 2024"
19502,WALGREENS BOOTS ALLIANCE INC,WBA,"Oct. 11, 1979","Dec. 31, 2024"
19561,BOEING CO,BA,"March 1, 1957","Dec. 31, 2024"
19583,INVESCO LTD,IVZ,"Aug. 21, 2008","Dec. 31, 2024"
20057,VIATRIS INC,VTRS,"Nov. 17, 2020","Dec. 31, 2024"
20482,ABBOTT LABORATORIES,ABT,"March 1, 1957","Dec. 31, 2024"
21020,AMERICAN AIRLINES GROUP INC,AAL,"March 23, 2015","Sept. 20, 2024"
21124,ORGANON & CO,OGN,"June 3, 2021","Oct. 17, 2023"
21178,LOCKHEED MARTIN CORP,LMT,"July 19, 1984","Dec. 31, 2024"
21186,WESTROCK CO,WRK,"March 1, 1957",5-Jul-24
21207,NEWMONT CORP,NEM,"May 15, 1969","Dec. 31, 2024"
21371,CARDINAL HEALTH INC,CAH,"May 27, 1997","Dec. 31, 2024"
21573,INTERNATIONAL PAPER CO,IP,"Dec. 31, 1925","Dec. 31, 2024"
21776,EXELON CORP,EXC,"June 7, 1944","Dec. 31, 2024"
21792,CENTERPOINT ENERGY INC,CNP,"July 25, 1985","Dec. 31, 2024"
21936,PFIZER INC,PFE,"March 1, 1957","Dec. 31, 2024"
22103,EMERSON ELECTRIC CO,EMR,"Jan. 7, 1965","Dec. 31, 2024"
22111,JOHNSON & JOHNSON,JNJ,"May 31, 1973","Dec. 31, 2024"
22293,CORNING INC,GLW,"March 1, 1957","Dec. 31, 2024"
22509,P P G INDUSTRIES INC,PPG,"March 1, 1957","Dec. 31, 2024"
22517,P P L CORP,PPL,"Nov. 27, 1995","Dec. 31, 2024"
22592,3M CO,MMM,"March 1, 1957","Dec. 31, 2024"
22623,CONSTELLATION ENERGY CORP,CEG,"Feb. 2, 2022","Dec. 31, 2024"
22752,MERCK & CO INC NEW,MRK,"March 1, 1957","Dec. 31, 2024"
22779,MOTOROLA SOLUTIONS INC,MSI,"March 1, 1957","Dec. 31, 2024"
22976,WARNER BROS DISCOVERY INC,WBD,"April 11, 2022","Dec. 31, 2024"
23026,FIRSTENERGY CORP,FE,"July 10, 1957","Dec. 31, 2024"
23229,C M S ENERGY CORP,CMS,"May 3, 1999","Dec. 31, 2024"
23393,CHURCH & DWIGHT INC,CHD,"Dec. 29, 2015","Dec. 31, 2024"
23473,CINCINNATI FINANCIAL CORP,CINF,"Dec. 18, 1997","Dec. 31, 2024"
23536,W E C ENERGY GROUP INC,WEC,"Oct. 31, 2008","Dec. 31, 2024"
23579,TEXTRON INC,TXT,"Oct. 5, 1978","Dec. 31, 2024"
23660,CINTAS CORP,CTAS,"March 1, 2001","Dec. 31, 2024"
23712,PUBLIC SERVICE ENTERPRISE GP INC,PEG,"July 7, 1948","Dec. 31, 2024"
23819,HALLIBURTON CO,HAL,"March 1, 1957","Dec. 31, 2024"
23931,X C E L ENERGY INC,XEL,"July 6, 1949","Dec. 31, 2024"
24010,ENTERGY CORP NEW,ETR,"March 1, 1957","Dec. 31, 2024"
24053,EVERGY INC,EVRG,"June 5, 2018","Dec. 31, 2024"
24109,AMERICAN ELECTRIC POWER CO INC,AEP,"Sept. 6, 1951","Dec. 31, 2024"
24205,NEXTERA ENERGY INC,NEE,"July 1, 1976","Dec. 31, 2024"
24328,E Q T CORP,EQT,"Oct. 3, 2022","Dec. 31, 2024"
24643,HOWMET AEROSPACE INC,HWM,"March 1, 1957","Dec. 31, 2024"
24766,NORTHROP GRUMMAN CORP,NOC,"June 13, 1985","Dec. 31, 2024"
24985,AMEREN CORP,AEE,"Sept. 20, 1991","Dec. 31, 2024"
25081,COMERICA INC,CMA,"Dec. 1, 1995",21-Jun-24
25232,ONEOK INC NEW,OKE,"March 15, 2010","Dec. 31, 2024"
25320,CAMPBELL SOUP CO,CPB,"March 1, 1957","Dec. 31, 2024"
25419,WHIRLPOOL CORP,WHR,"April 1, 1959",15-Mar-24
25582,L3HARRIS TECHNOLOGIES INC,LHX,"Sept. 22, 2008","Dec. 31, 2024"
25785,FORD MOTOR CO DEL,F,"March 1, 1957","Dec. 31, 2024"
25953,DOVER CORP,DOV,"Oct. 24, 1985","Dec. 31, 2024"
26403,DISNEY WALT CO,DIS,"July 1, 1976","Dec. 31, 2024"
26710,LOEWS CORP,L,"May 10, 1995","Dec. 31, 2024"
26825,KELLOGG CO,K,"April 26, 1961","Dec. 31, 2024"
27828,H P INC,HPQ,"Oct. 17, 1974","Dec. 31, 2024"
27887,BAXTER INTERNATIONAL INC,BAX,"Sept. 14, 1972","Dec. 31, 2024"
27959,DUKE ENERGY CORP NEW,DUK,"July 1, 1976","Dec. 31, 2024"
27991,PINNACLE WEST CAPITAL CORP,PNW,"Oct. 4, 1999","Dec. 31, 2024"
28222,AIR PRODUCTS & CHEMICALS INC,APD,"April 11, 1985","Dec. 31, 2024"
28388,VORNADO REALTY TRUST,VNO,"Aug. 12, 2005","Jan. 4, 2023"
28484,HESS CORP,HES,"May 17, 1984","Dec. 31, 2024"
28804,ALASKA AIRGROUP INC,ALK,"May 13, 2016","Dec. 15, 2023"
29946,BROWN FORMAN CORP,BF,"Oct. 14, 1982","Dec. 31, 2024"
30681,OMNICOM GROUP INC,OMC,"Dec. 24, 1997","Dec. 31, 2024"
32870,HORMEL FOODS CORP,HRL,"March 4, 2009","Dec. 31, 2024"
32986,ATMOS ENERGY CORP,ATO,"Feb. 15, 2019","Dec. 31, 2024"
34032,MASCO CORP,MAS,"June 18, 1981","Dec. 31, 2024"
34746,FIFTH THIRD BANCORP,FITB,"March 8, 1996","Dec. 31, 2024"
34817,NUCOR CORP,NUE,"April 18, 1985","Dec. 31, 2024"
34833,OCCIDENTAL PETROLEUM CORP,OXY,"Dec. 9, 1982","Dec. 31, 2024"
35044,REGIONS FINANCIAL CORP NEW,RF,"Aug. 28, 1998","Dec. 31, 2024"
35554,M & T BANK CORP,MTB,"Feb. 27, 2004","Dec. 31, 2024"
36003,ROLLINS INC,ROL,"Oct. 1, 2018","Dec. 31, 2024"
36468,SHERWIN WILLIAMS CO,SHW,"May 14, 1964","Dec. 31, 2024"
37584,FRANKLIN RESOURCES INC,BEN,"April 29, 1998","Dec. 31, 2024"
38093,GALLAGHER ARTHUR J & CO,AJG,"May 31, 2016","Dec. 31, 2024"
38156,WILLIAMS COS,WMB,"Feb. 6, 1975","Dec. 31, 2024"
38703,WELLS FARGO & CO NEW,WFC,"July 1, 1976","Dec. 31, 2024"
38762,NISOURCE INC,NI,"Nov. 2, 2000","Dec. 31, 2024"
39490,A P A CORP,APA,"July 28, 1997","Dec. 31, 2024"
39642,BECTON DICKINSON & CO,BDX,"Sept. 14, 1972","Dec. 31, 2024"
39917,WEYERHAEUSER CO,WY,"Dec. 5, 1963","Dec. 31, 2024"
40125,D X C TECHNOLOGY CO,DXC,"April 4, 2017","Oct. 2, 2023"
40272,INTERNATIONAL FLAVORS & FRAG INC,IFF,"March 4, 1976","Dec. 31, 2024"
40539,T J X COMPANIES INC NEW,TJX,"Sept. 26, 1985","Dec. 31, 2024"
41080,CUMMINS INC,CMI,"Jan. 7, 1965","Dec. 31, 2024"
41355,PARKER HANNIFIN CORP,PH,"Nov. 7, 1985","Dec. 31, 2024"
42200,PERKINELMER INC,PKI,"May 9, 1985","Dec. 31, 2024"
42585,SMUCKER J M CO,SJM,"Nov. 6, 2008","Dec. 31, 2024"
42877,HUNT J B TRANSPORT SERVICES INC,JBHT,"July 1, 2015","Dec. 31, 2024"
42906,HUNTINGTON BANCSHARES INC,HBAN,"Aug. 6, 1997","Dec. 31, 2024"
43350,STANLEY BLACK & DECKER INC,SWK,"Sept. 16, 1982","Dec. 31, 2024"
43449,MCDONALDS CORP,MCD,"June 25, 1970","Dec. 31, 2024"
43553,V F CORP,VFC,"May 3, 1979",2-Apr-24
44206,EVERSOURCE ENERGY,ES,"March 17, 2009","Dec. 31, 2024"
44329,TELEFLEX INC,TFX,"Jan. 18, 2019","Dec. 31, 2024"
44601,AVERY DENNISON CORP,AVY,"Dec. 24, 1987","Dec. 31, 2024"
44644,AUTOMATIC DATA PROCESSING INC,ADP,"Feb. 26, 1981","Dec. 31, 2024"
45356,JOHNSON CONTROLS INTL PLC,JCI,"Aug. 27, 2010","Dec. 31, 2024"
45751,MARSH & MCLENNAN COS INC,MMC,"Aug. 6, 1987","Dec. 31, 2024"
45911,SKYWORKS SOLUTIONS INC,SWKS,"March 12, 2015","Dec. 31, 2024"
46578,CLOROX CO,CLX,"Jan. 16, 1969","Dec. 31, 2024"
46674,GENUINE PARTS CO,GPC,"Nov. 15, 1973","Dec. 31, 2024"
46703,HOST HOTELS & RESORTS INC,HST,"March 20, 2007","Dec. 31, 2024"
46886,K L A CORP,KLAC,"Sept. 15, 1997","Dec. 31, 2024"
47896,JPMORGAN CHASE & CO,JPM,"July 1, 1976","Dec. 31, 2024"
48486,LAM RESH CORP,LRCX,"June 5, 2012","Dec. 31, 2024"
48506,MOODYS CORP,MCO,"Dec. 27, 1979","Dec. 31, 2024"
48653,HUMANA INC,HUM,"Dec. 1, 1995","Dec. 31, 2024"
48725,UNION PACIFIC CORP,UNP,"July 16, 1969","Dec. 31, 2024"
49015,LINCOLN NATIONAL CORP,LNC,"July 1, 1976","Sept. 15, 2023"
49154,TARGET CORP,TGT,"Dec. 9, 1976","Dec. 31, 2024"
49656,BANK OF NEW YORK MELLON CORP,BK,"March 31, 1995","Dec. 31, 2024"
49680,DANAHER CORP,DHR,"Nov. 18, 1998","Dec. 31, 2024"
50876,LILLY ELI & CO,LLY,"Nov. 19, 1970","Dec. 31, 2024"
51369,TERADYNE INC,TER,"Sept. 21, 2020","Dec. 31, 2024"
52038,SYSCO CORP,SYY,"Dec. 18, 1986","Dec. 31, 2024"
52090,MCCORMICK & CO INC,MKC,"March 21, 2003","Dec. 31, 2024"
52230,ROBERT HALF INTERNATIONAL INC,RHI,"Dec. 5, 2000",21-Jun-24
52329,JACOBS SOLUTIONS INC,J,"Oct. 26, 2007","Dec. 31, 2024"
52476,EQUIFAX INC,EFX,"June 19, 1997","Dec. 31, 2024"
52695,GRAINGER W W INC,GWW,"May 14, 1981","Dec. 31, 2024"
52708,LENNAR CORP,LEN,"Oct. 4, 2005","Dec. 31, 2024"
52978,HASBRO INC,HAS,"Sept. 13, 1984","Dec. 31, 2024"
53065,INTERPUBLIC GROUP COS INC,IPG,"Oct. 30, 1992","Dec. 31, 2024"
53613,MICRON TECHNOLOGY INC,MU,"Sept. 27, 1994","Dec. 31, 2024"
54148,PULTE GROUP INC,PHM,"April 12, 1984","Dec. 31, 2024"
55976,WALMART INC,WMT,"Aug. 19, 1982","Dec. 31, 2024"
56274,CONAGRA BRANDS INC,CAG,"Sept. 1, 1983","Dec. 31, 2024"
56573,ILLINOIS TOOL WORKS INC,ITW,"Feb. 13, 1986","Dec. 31, 2024"
57568,BALL CORP,BALL,"Oct. 4, 1984","Dec. 31, 2024"
57665,NIKE INC,NKE,"Nov. 3, 1988","Dec. 31, 2024"
57809,NORDSON CORP,NDSN,"Feb. 15, 2022","Dec. 31, 2024"
57904,AFLAC INC,AFL,"May 28, 1999","Dec. 31, 2024"
58246,NORTHERN TRUST CORP,NTRS,"Jan. 30, 1998","Dec. 31, 2024"
58413,FEDERAL REALTY INVESTMENT TR NEW,FRT,"Feb. 1, 2016","Dec. 31, 2024"
58683,SOUTHWEST AIRLINES CO,LUV,"July 13, 1994","Dec. 31, 2024"
58819,ALLIANT ENERGY CORP,LNT,"July 1, 2016","Dec. 31, 2024"
59176,AMERICAN EXPRESS CO,AXP,"July 1, 1976","Dec. 31, 2024"
59248,MOLSON COORS BEVERAGE CO,TAP,"July 1, 1976","Dec. 31, 2024"
59300,U D R INC,UDR,"March 7, 2016","Dec. 31, 2024"
59328,INTEL CORP,INTC,"Dec. 9, 1976","Dec. 31, 2024"
59408,BANK OF AMERICA CORP,BAC,"July 1, 1976","Dec. 31, 2024"
59459,TRAVELERS COMPANIES INC,TRV,"July 1, 1976","Dec. 31, 2024"
60097,MEDTRONIC PLC,MDT,"Oct. 23, 1986","Dec. 31, 2024"
60206,SNAP ON INC,SNA,"Sept. 16, 1982","Dec. 31, 2024"
60442,P N C FINANCIAL SERVICES GRP INC,PNC,"April 14, 1988","Dec. 31, 2024"
60506,PACCAR INC,PCAR,"Oct. 2, 1980","Dec. 31, 2024"
60599,LUMEN TECHOLOGIES INC,LUMN,"March 25, 1999",17-Mar-23
60628,FEDEX CORP,FDX,"Nov. 6, 1980","Dec. 31, 2024"
60871,ANALOG DEVICES INC,ADI,"Oct. 12, 1999","Dec. 31, 2024"
60986,NEWELL BRANDS INC,NWL,"April 27, 1989","Sept. 15, 2023"
61241,ADVANCED MICRO DEVICES INC,AMD,"March 20, 2017","Dec. 31, 2024"
61399,LOWES COMPANIES INC,LOW,"March 1, 1984","Dec. 31, 2024"
61516,BIO RAD LABORATORIES INC,BIO,"June 22, 2020","Sept. 20, 2024"
61621,PAYCHEX INC,PAYX,"Oct. 1, 1998","Dec. 31, 2024"
61735,AON PLC NEW,AON,"April 23, 1996","Dec. 31, 2024"
62092,THERMO FISHER SCIENTIFIC INC,TMO,"Jan. 2, 1997","Dec. 31, 2024"
62148,C S X CORP,CSX,"Nov. 6, 1980","Dec. 31, 2024"
62308,GLOBE LIFE INC,GL,"April 27, 1989","Dec. 31, 2024"
62498,WEST PHARMACEUTICAL SERVICES INC,WST,"May 22, 2020","Dec. 31, 2024"
63467,BROWN & BROWN INC,BRO,"Sept. 20, 2021","Dec. 31, 2024"
64186,CIGNA CORP NEW,CI,"April 8, 1982","Dec. 31, 2024"
64282,BATH & BODY WORKS INC,BBWI,"Sept. 15, 1983","Sept. 30, 2024"
64311,NORFOLK SOUTHERN CORP,NSC,"June 3, 1982","Dec. 31, 2024"
64390,PROGRESSIVE CORP OH,PGR,"Aug. 4, 1997","Dec. 31, 2024"
64653,PUBLIC STORAGE,PSA,"Aug. 19, 2005","Dec. 31, 2024"
64936,DOMINION ENERGY INC,D,"May 20, 1983","Dec. 31, 2024"
64995,KEYCORP NEW,KEY,"March 2, 1994","Dec. 31, 2024"
65402,SMITH A O CORP,AOS,"July 26, 2017","Dec. 31, 2024"
65541,COOPER COMPANIES INC,COO,"Sept. 23, 2016","Dec. 31, 2024"
65875,VERIZON COMMUNICATIONS INC,VZ,"Dec. 1, 1983","Dec. 31, 2024"
65947,WELLTOWER INC,WELL,"Jan. 30, 2009","Dec. 31, 2024"
66093,A T & T INC,T,"Dec. 1, 1983","Dec. 31, 2024"
66157,U S BANCORP DEL,USB,"Oct. 23, 1995","Dec. 31, 2024"
66181,HOME DEPOT INC,HD,"March 3, 1988","Dec. 31, 2024"
66384,WESTERN DIGITAL CORP,WDC,"July 1, 2009","Dec. 31, 2024"
66800,AMERICAN INTERNATIONAL GROUP INC,AIG,"Feb. 14, 1980","Dec. 31, 2024"
67598,HEALTHPEAK PROPERTIES INC,PEAK,"March 31, 2008","Dec. 31, 2024"
69032,MORGAN STANLEY DEAN WITTER & CO,MS,"Sept. 22, 1995","Dec. 31, 2024"
69649,RAYMOND JAMES FINANCIAL INC,RJF,"March 20, 2017","Dec. 31, 2024"
69796,CONSTELLATION BRANDS INC,STZ,"July 5, 2005","Dec. 31, 2024"
70519,CITIGROUP INC,C,"May 26, 1988","Dec. 31, 2024"
70578,ECOLAB INC,ECL,"Jan. 12, 1989","Dec. 31, 2024"
71563,TRUIST FINANCIAL CORP,TFC,"Dec. 4, 1997","Dec. 31, 2024"
72726,STATE STREET CORP,STT,"Aug. 15, 1997","Dec. 31, 2024"
73139,STRYKER CORP,SYK,"Dec. 12, 2000","Dec. 31, 2024"
75034,BAKER HUGHES CO,BKR,"April 9, 1987","Dec. 31, 2024"
75154,CARNIVAL CORP,CCL,"Dec. 22, 1998","Dec. 31, 2024"
75186,SCHWAB CHARLES CORP NEW,SCHW,"June 2, 1997","Dec. 31, 2024"
75241,PIONEER NATURAL RESOURCES CO,PXD,"Sept. 24, 2008",7-May-24
75510,ADOBE INC,ADBE,"May 6, 1997","Dec. 31, 2024"
75591,IDEX CORP,IEX,"Aug. 9, 2019","Dec. 31, 2024"
75607,GEN DIGITAL INC,GEN,"March 31, 2003","Dec. 31, 2024"
75694,BIO TECHNE CORP,TECH,"Aug. 30, 2021","Dec. 31, 2024"
75819,VENTAS INC,VTR,"March 4, 2009","Dec. 31, 2024"
75825,EOG RESOURCES INC,EOG,"Nov. 2, 2000","Dec. 31, 2024"
75828,ELECTRONIC ARTS INC,EA,"July 22, 2002","Dec. 31, 2024"
75912,P T C INC,PTC,"April 20, 2021","Dec. 31, 2024"
76076,CISCO SYSTEMS INC,CSCO,"Dec. 31, 1993","Dec. 31, 2024"
76082,COTERRA ENERGY INC,CTRA,"June 23, 2008","Dec. 31, 2024"
76095,HOLOGIC INC,HOLX,"March 30, 2016","Dec. 31, 2024"
76185,TYLER TECHNOLOGIES INC,TYL,"June 22, 2020","Dec. 31, 2024"
76226,PARAMOUNT GLOBAL,PARA,"Sept. 30, 1994","Dec. 31, 2024"
76230,TRIMBLE INC,TRMB,"Jan. 21, 2021","Dec. 31, 2024"
76605,AUTOZONE INC,AZO,"Jan. 2, 1997","Dec. 31, 2024"
76614,REGENERON PHARMACEUTICALS INC,REGN,"May 1, 2013","Dec. 31, 2024"
76709,I D E X X LABORATORIES INC,IDXX,"Jan. 5, 2017","Dec. 31, 2024"
76712,A E S CORP,AES,"Oct. 2, 1998","Dec. 31, 2024"
76744,VERTEX PHARMACEUTICALS INC,VRTX,"Sept. 23, 2013","Dec. 31, 2024"
76795,ZEBRA TECHNOLOGIES CORP,ZBRA,"Dec. 23, 2019","Dec. 31, 2024"
76841,BIOGEN INC,BIIB,"Nov. 13, 2003","Dec. 31, 2024"
77037,OLD DOMINION FREIGHT LINE INC,ODFL,"Dec. 9, 2019","Dec. 31, 2024"
77129,KIMCO REALTY CORP,KIM,"April 3, 2006","Dec. 31, 2024"
77178,QUALCOMM INC,QCOM,"July 22, 1999","Dec. 31, 2024"
77274,GILEAD SCIENCES INC,GILD,"July 1, 2004","Dec. 31, 2024"
77338,ROPER TECHNOLOGIES INC,ROP,"Dec. 23, 2009","Dec. 31, 2024"
77357,SYNOPSYS INC,SNPS,"March 16, 2017","Dec. 31, 2024"
77496,MOHAWK INDUSTRIES INC,MHK,"Dec. 23, 2013","Dec. 31, 2024"
77605,BOSTON SCIENTIFIC CORP,BSX,"Feb. 24, 1995","Dec. 31, 2024"
77649,STERIS PLC NEW,STE,"Dec. 23, 2019","Dec. 31, 2024"
77661,D R HORTON INC,DHI,"July 5, 2005","Dec. 31, 2024"
77702,STARBUCKS CORP,SBUX,"June 8, 2000","Dec. 31, 2024"
77730,TYSON FOODS INC,TSN,"Aug. 11, 2005","Dec. 31, 2024"
78975,INTUIT INC,INTU,"Dec. 11, 2000","Dec. 31, 2024"
78987,MICROCHIP TECHNOLOGY INC,MCHP,"Sept. 7, 2007","Dec. 31, 2024"
79057,CHUBB LTD,CB,"July 15, 2010","Dec. 31, 2024"
79103,O REILLY AUTOMOTIVE INC NEW,ORLY,"March 27, 2009","Dec. 31, 2024"
79145,ROYAL CARIBBEAN CRUISES LTD,RCL,"Dec. 5, 2014","Dec. 31, 2024"
79323,ALLSTATE CORP,ALL,"July 13, 1995","Dec. 31, 2024"
79452,CAMDEN PROPERTY TRUST,CPT,"April 4, 2022","Dec. 31, 2024"
79545,BORGWARNER INC,BWA,"Dec. 19, 2011","Dec. 31, 2024"
79547,EQUITY RESIDENTIAL,EQR,"Dec. 3, 2001","Dec. 31, 2024"
79637,UNIVERSAL HEALTH SERVICES INC,UHS,"Sept. 22, 2014","Dec. 31, 2024"
79678,ACTIVISION BLIZZARD INC,ATVI,"Aug. 31, 2015","Oct. 17, 2023"
79698,GARTNER INC,IT,"April 5, 2017","Dec. 31, 2024"
79782,REGENCY CENTERS CORP,REG,"March 2, 2017","Dec. 31, 2024"
79785,N V R INC,NVR,"Sept. 26, 2019","Dec. 31, 2024"
79906,INCYTE CORP,INCY,"Feb. 28, 2017","Dec. 31, 2024"
80080,EASTMAN CHEMICAL CO,EMN,"Jan. 4, 1994","Dec. 31, 2024"
80100,SIMON PROPERTY GROUP INC NEW,SPG,"June 26, 2002","Dec. 31, 2024"
80183,MID AMERICA APT COMMUNITIES INC,MAA,"Dec. 2, 2016","Dec. 31, 2024"
80191,ALBEMARLE CORP,ALB,"July 1, 2016","Dec. 31, 2024"
80204,MARTIN MARIETTA MATERIALS INC,MLM,"July 2, 2014","Dec. 31, 2024"
80286,TRACTOR SUPPLY CO NEW,TSCO,"Jan. 24, 2014","Dec. 31, 2024"
80320,COPART INC,CPRT,"July 2, 2018","Dec. 31, 2024"
80381,AVALONBAY COMMUNITIES INC,AVB,"Jan. 10, 2007","Dec. 31, 2024"
80681,ESSEX PROPERTY TRUST INC,ESS,"April 2, 2014","Dec. 31, 2024"
81045,REALTY INCOME CORP,O,"April 7, 2015","Dec. 31, 2024"
81055,CAPITAL ONE FINANCIAL CORP,COF,"July 1, 1998","Dec. 31, 2024"
81061,MCKESSON H B O C INC,MCK,"Jan. 13, 1999","Dec. 31, 2024"
81481,DOLLAR TREE INC,DLTR,"Dec. 19, 2011","Dec. 31, 2024"
81540,AMERISOURCEBERGEN CORP,ABC,"Aug. 30, 2001","Dec. 31, 2024"
81655,DARDEN RESTAURANTS INC,DRI,"May 30, 1995","Dec. 31, 2024"
81677,WABTEC CORP,WAB,"Feb. 27, 2019","Dec. 31, 2024"
81696,DISH NETWORK CORP,DISH,"March 13, 2017",16-Jun-23
81736,RESMED INC,RMD,"July 26, 2017","Dec. 31, 2024"
81774,FREEPORT MCMORAN INC,FCX,"July 31, 1995","Dec. 31, 2024"
82276,ARCH CAPITAL GROUP LTD NEW,ACGL,"Nov. 1, 2022","Dec. 31, 2024"
82303,EVEREST RE GROUP LTD,RE,"June 19, 2017","Dec. 31, 2024"
82307,DAVITA INC,DVA,"July 31, 2008","Dec. 31, 2024"
82515,POOL CORP,POOL,"Oct. 7, 2020","Dec. 31, 2024"
82581,SCHEIN HENRY INC,HSIC,"March 18, 2015","Dec. 31, 2024"
82598,NETAPP INC,NTAP,"June 25, 1999","Dec. 31, 2024"
82642,LAUDER ESTEE COS INC,EL,"Jan. 5, 2006","Dec. 31, 2024"
82651,WATERS CORP,WAT,"Jan. 2, 2002","Dec. 31, 2024"
82775,HARTFORD FINANCIAL SVCS GRP INC,HIG,"Dec. 20, 1995","Dec. 31, 2024"
83143,IRON MOUNTAIN INC NEW,IRM,"Jan. 6, 2009","Dec. 31, 2024"
83443,BERKSHIRE HATHAWAY INC DEL,BRK,"Feb. 16, 2010","Dec. 31, 2024"
83597,FACTSET RESEARCH SYSTEMS INC,FDS,"Dec. 20, 2021","Dec. 31, 2024"
83621,ANSYS INC,ANSS,"June 19, 2017","Dec. 31, 2024"
84129,ZIONS BANCORPORATION N A,ZION,"June 25, 2001",15-Mar-24
84262,STEEL DYNAMICS INC,STLD,"Dec. 22, 2022","Dec. 31, 2024"
84373,QUEST DIAGNOSTICS INC,DGX,"Dec. 12, 2002","Dec. 31, 2024"
84381,ROCKWELL AUTOMATION INC,ROK,"Dec. 9, 1996","Dec. 31, 2024"
84761,TAKE TWO INTERACTIVE SOFTWR INC,TTWO,"March 19, 2018","Dec. 31, 2024"
84767,ALEXANDRIA REAL EST EQUITIES INC,ARE,"March 20, 2017","Dec. 31, 2024"
84769,AMPHENOL CORP NEW,APH,"Sept. 30, 2008","Dec. 31, 2024"
84788,AMAZON COM INC,AMZN,"Nov. 21, 2005","Dec. 31, 2024"
85035,QORVO INC,QRVO,"June 12, 2015","Dec. 20, 2024"
85058,BOSTON PROPERTIES INC,BXP,"April 3, 2006","Dec. 31, 2024"
85072,RALPH LAUREN CORP,RL,"Feb. 2, 2007","Dec. 31, 2024"
85257,AMETEK INC NEW,AME,"Sept. 23, 2013","Dec. 31, 2024"
85269,VALERO ENERGY CORP NEW,VLO,"April 29, 2004","Dec. 31, 2024"
85348,YUM BRANDS INC,YUM,"Oct. 7, 1997","Dec. 31, 2024"
85459,CH ROBINSON WORLDWIDE INC,CHRW,"March 2, 2007","Dec. 31, 2024"
85592,PROLOGIS INC,PLD,"June 3, 2011","Dec. 31, 2024"
85621,METTLER TOLEDO INTERNATIONAL INC,MTD,"Sept. 6, 2016","Dec. 31, 2024"
85631,AUTODESK INC,ADSK,"Dec. 21, 1989","Dec. 31, 2024"
85663,UNITED RENTALS INC,URI,"Sept. 22, 2014","Dec. 31, 2024"
85753,VERISIGN INC,VRSN,"Feb. 1, 2006","Dec. 31, 2024"
85792,QUANTA SERVICES INC,PWR,"July 1, 2009","Dec. 31, 2024"
85913,MARRIOTT INTERNATIONAL INC NEW,MAR,"May 21, 1998","Dec. 31, 2024"
85914,BEST BUY COMPANY INC,BBY,"June 30, 1999","Dec. 31, 2024"
85926,SEALED AIR CORP NEW,SEE,"April 1, 1998","Dec. 15, 2023"
86111,AMERICAN TOWER CORP NEW,AMT,"Nov. 19, 2007","Dec. 31, 2024"
86136,SEMPRA ENERGY,SRE,"June 30, 1998","Dec. 31, 2024"
86158,COGNIZANT TECHNOLOGY SOLS CORP,CTSH,"Nov. 17, 2006","Dec. 31, 2024"
86228,REPUBLIC SERVICES INC,RSG,"Dec. 5, 2008","Dec. 31, 2024"
86288,COSTAR GROUP INC,CSGP,"Sept. 19, 2022","Dec. 31, 2024"
86339,CROWN CASTLE INC,CCI,"March 14, 2012","Dec. 31, 2024"
86356,EBAY INC,EBAY,"July 22, 2002","Dec. 31, 2024"
86580,NVIDIA CORP,NVDA,"Nov. 30, 2001","Dec. 31, 2024"
86783,BOOKING HOLDINGS INC,BKNG,"Nov. 6, 2009","Dec. 31, 2024"
86868,GOLDMAN SACHS GROUP INC,GS,"July 22, 2002","Dec. 31, 2024"
86964,F 5 INC,FFIV,"Dec. 20, 2010","Dec. 31, 2024"
86979,JUNIPER NETWORKS INC,JNPR,"June 2, 2006","Dec. 31, 2024"
86996,S B A COMMUNICATIONS CORP NEW,SBAC,"Sept. 1, 2017","Dec. 31, 2024"
87055,COSTCO WHOLESALE CORP NEW,COST,"Oct. 22, 1993","Dec. 31, 2024"
87137,DEVON ENERGY CORP NEW,DVN,"Aug. 30, 2000","Dec. 31, 2024"
87267,BLACKROCK INC,BLK,"April 4, 2011","Dec. 31, 2024"
87299,AKAMAI TECHNOLOGIES INC,AKAM,"July 12, 2007","Dec. 31, 2024"
87432,AGILENT TECHNOLOGIES INC,A,"June 5, 2000","Dec. 31, 2024"
87445,TELEDYNE TECHNOLOGIES,TDY,"June 22, 2020","Dec. 31, 2024"
87447,UNITED PARCEL SERVICE INC,UPS,"July 22, 2002","Dec. 31, 2024"
87541,PACKAGING CORP AMERICA,PKG,"July 26, 2017","Dec. 31, 2024"
87657,EDWARDS LIFESCIENCES CORP,EW,"April 1, 2011","Dec. 31, 2024"
87717,EXPEDITORS INTERNATIONAL WA INC,EXPD,"Oct. 10, 2007","Dec. 31, 2024"
87842,METLIFE INC,MET,"Dec. 11, 2000","Dec. 31, 2024"
88031,MONSTER BEVERAGE CORP NEW,MNST,"June 29, 2012","Dec. 31, 2024"
88182,ON SEMICONDUCTOR CORP,ON,"June 21, 2022","Dec. 31, 2024"
88281,CHARLES RIVER LABS INTL INC,CRL,"May 14, 2021","Dec. 31, 2024"
88352,INTUITIVE SURGICAL INC,ISRG,"June 2, 2008","Dec. 31, 2024"
88446,ILLUMINA INC,ILMN,"Nov. 19, 2015",21-Jun-24
88661,TAPESTRY INC,TPR,"Sept. 1, 2004","Dec. 31, 2024"
88664,HENRY JACK & ASSOC INC,JKHY,"Nov. 13, 2018","Dec. 31, 2024"
88837,GARMIN LTD,GRMN,"Dec. 12, 2012","Dec. 31, 2024"
88860,ALIGN TECHNOLOGY INC,ALGN,"June 19, 2017","Dec. 31, 2024"
88873,GLOBAL PAYMENTS INC,GPN,"April 25, 2016","Dec. 31, 2024"
89003,FIDELITY NATIONAL INFO SVCS INC,FIS,"Nov. 10, 2006","Dec. 31, 2024"
89006,MONDELEZ INTERNATIONAL INC,MDLZ,"April 2, 2007","Dec. 31, 2024"
89017,WILLIS TOWERS WATSON PUB LTD CO,WTW,"Jan. 5, 2016","Dec. 31, 2024"
89070,ZIMMER BIOMET HOLDINGS INC,ZBH,"Aug. 7, 2001","Dec. 31, 2024"
89071,ACCENTURE PLC IRELAND,ACN,"July 6, 2011","Dec. 31, 2024"
89179,ELEVANCE HEALTH INC,ELV,"July 25, 2002","Dec. 31, 2024"
89195,PRINCIPAL FINANCIAL GROUP INC,PFG,"July 22, 2002","Dec. 31, 2024"
89217,ADVANCE AUTO PARTS INC,AAP,"July 9, 2015","Aug. 24, 2023"
89258,PRUDENTIAL FINANCIAL INC,PRU,"July 22, 2002","Dec. 31, 2024"
89269,CENTENE CORP DEL,CNC,"March 30, 2016","Dec. 31, 2024"
89393,NETFLIX INC,NFLX,"Dec. 20, 2010","Dec. 31, 2024"
89508,CARMAX INC,KMX,"June 28, 2010","Dec. 31, 2024"
89525,COMCAST CORP NEW,CMCSA,"Nov. 19, 2002","Dec. 31, 2024"
89533,WYNN RESORTS LTD,WYNN,"Nov. 14, 2008","Dec. 31, 2024"
89617,EQUINIX INC,EQIX,"March 23, 2015","Dec. 31, 2024"
89626,C M E GROUP INC,CME,"Aug. 11, 2006","Dec. 31, 2024"
89641,SEAGATE TECHNOLOGY HOLDINGS PLC,STX,"July 2, 2012","Dec. 31, 2024"
89781,MOLINA HEALTHCARE INC,MOH,"March 2, 2022","Dec. 31, 2024"
89866,L K Q CORP,LKQ,"May 23, 2016","Dec. 31, 2024"
90038,ASSURANT INC,AIZ,"April 10, 2007","Dec. 31, 2024"
90071,N R G ENERGY INC,NRG,"Jan. 29, 2010","Dec. 31, 2024"
90090,SIGNATURE BANK NEW YORK N Y,SBNY,"Dec. 20, 2021",14-Mar-23
90199,C B R E GROUP INC,CBRE,"Nov. 10, 2006","Dec. 31, 2024"
90215,SALESFORCE INC,CRM,"Sept. 15, 2008","Dec. 31, 2024"
90248,DOMINOS PIZZA INC,DPZ,"May 12, 2020","Dec. 31, 2024"
90305,EXTRA SPACE STORAGE INC,EXR,"Jan. 19, 2016","Dec. 31, 2024"
90319,ALPHABET INC,GOOGL,"April 3, 2006","Dec. 31, 2024"
90373,DIGITAL REALTY TRUST INC,DLR,"May 18, 2016","Dec. 31, 2024"
90386,MOSAIC CO NEW,MOS,"Sept. 26, 2011","Dec. 31, 2024"
90454,MARKETAXESS HLDGS INC,MKTX,"July 1, 2019","Dec. 31, 2024"
90455,MONOLITHIC PWR SYS INC,MPWR,"Feb. 12, 2021","Dec. 31, 2024"
90505,LAS VEGAS SANDS CORP,LVS,"Oct. 3, 2019","Dec. 31, 2024"
90520,CELANESE CORP DEL,CE,"Dec. 24, 2018","Dec. 31, 2024"
90601,NASDAQ INC,NDAQ,"Oct. 22, 2008","Dec. 31, 2024"
90664,DEXCOM INC,DXCM,"May 12, 2020","Dec. 31, 2024"
90808,EXPEDIA GROUP INC,EXPE,"Oct. 2, 2007","Dec. 31, 2024"
90829,C F INDUSTRIES HOLDINGS INC,CF,"Aug. 27, 2008","Dec. 31, 2024"
90880,AMERIPRISE FINANCIAL INC,AMP,"Oct. 3, 2005","Dec. 31, 2024"
90993,INTERCONTINENTALEXCHANGE GRP INC,ICE,"Sept. 26, 2007","Dec. 31, 2024"
91041,LIVE NATION ENTERTAINMENT INC,LYV,"Dec. 23, 2019","Dec. 31, 2024"
91068,CHIPOTLE MEXICAN GRILL INC,CMG,"April 28, 2011","Dec. 31, 2024"
91103,UNITED AIRLINES HOLDINGS INC,UAL,"Sept. 3, 2015","Dec. 31, 2024"
91152,TRANSDIGM GROUP INC,TDG,"June 3, 2016","Dec. 31, 2024"
91233,MASTERCARD INC,MA,"July 18, 2008","Dec. 31, 2024"
91547,LEIDOS HOLDINGS INC,LDOS,"Aug. 9, 2019","Dec. 31, 2024"
91556,ROSS STORES INC,ROST,"Dec. 21, 2009","Dec. 31, 2024"
91611,FIRST SOLAR INC,FSLR,"Dec. 19, 2022","Dec. 31, 2024"
91849,BROADRIDGE FINANCIAL SOLUTNS INC,BR,"June 18, 2018","Dec. 31, 2024"
91926,DELTA AIR LINES INC,DAL,"Sept. 11, 2013","Dec. 31, 2024"
91937,T MOBILE U S INC,TMUS,"July 15, 2019","Dec. 31, 2024"
92121,DISCOVER FINANCIAL SERVICES,DFS,"July 2, 2007","Dec. 31, 2024"
92157,T E CONNECTIVITY LTD,TEL,"Oct. 17, 2011","Dec. 31, 2024"
92322,ULTA BEAUTY INC,ULTA,"April 18, 2016","Dec. 31, 2024"
92402,M S C I INC,MSCI,"April 4, 2018","Dec. 31, 2024"
92602,PHILIP MORRIS INTERNATIONAL INC,PM,"March 31, 2008","Dec. 31, 2024"
92611,VISA INC,V,"Dec. 21, 2009","Dec. 31, 2024"
92614,AMERICAN WATER WORKS CO INC,AWK,"March 4, 2016","Dec. 31, 2024"
92655,UNITEDHEALTH GROUP INC,UNH,"July 1, 1994","Dec. 31, 2024"
93002,BROADCOM INC,AVGO,"May 8, 2014","Dec. 31, 2024"
93089,VERISK ANALYTICS INC,VRSK,"Oct. 8, 2015","Dec. 31, 2024"
93096,DOLLAR GENERAL CORP NEW,DG,"Dec. 3, 2012","Dec. 31, 2024"
93132,FORTINET INC,FTNT,"Oct. 11, 2018","Dec. 31, 2024"
93246,GENERAC HOLDINGS INC,GNRC,"March 22, 2021","Dec. 31, 2024"
93429,C B O E GLOBAL MARKETS INC,CBOE,"March 1, 2017","Dec. 31, 2024"
93436,TESLA INC,TSLA,"Dec. 21, 2020","Dec. 31, 2024"
75523,Emcor,EME,"September 22, 2025","Dec. 31, 2024"
19863,Robinhood Markets,HOOD,"September 22, 2025","Dec. 31, 2024"
22179,AppLovin,APP,"September 22, 2025","Dec. 31, 2024"
92357,Interactive Brokers,IBKR,"August 28, 2025","Dec. 31, 2024"
93316,"Block, Inc.",SQ,"July 23, 2025","Dec. 31, 2024"
16584,Trade Desk (The),TTD,"July 18, 2025","Dec. 31, 2024"
18833,Datadog,DDOG,"July 9, 2025","Dec. 31, 2024"
22175,Coinbase,COIN,"May 19, 2025","Dec. 31, 2024"
19522,DoorDash,DASH,"March 24, 2025","Dec. 31, 2024"
23604,TKO Group Holdings,TKO,"March 24, 2025","Dec. 31, 2024"
70352,"Williams-Sonoma, Inc.",WSM,"March 24, 2025","Dec. 31, 2024"
16990,Expand Energy,EXE,"March 24, 2025","Dec. 31, 2024"
92539,Apollo Global Management,APO,"December 23, 2024","Dec. 31, 2024"
94745,"Workday, Inc.",WDAY,"December 23, 2024","Dec. 31, 2024"
11624,Lennox International,LII,"December 23, 2024","Dec. 31, 2024"
14065,Texas Pacific Land Corporation,TPL,"November 26, 2024","Dec. 31, 2024"
19515,Palantir Technologies,PLTR,"September 23, 2024","Dec. 31, 2024"
18512,Dell Technologies,DELL,"September 23, 2024","Dec. 31, 2024"
15307,Erie Indemnity,ERIE,"September 23, 2024","Dec. 31, 2024"
93358,KKR,KKR,"June 24, 2024","Dec. 31, 2024"
18733,CrowdStrike,CRWD,"June 24, 2024","Dec. 31, 2024"
15414,GoDaddy,GDDY,"June 24, 2024","Dec. 31, 2024"
16420,Vistra,VST,"May 8, 2024","Dec. 31, 2024"
24040,GE Vernova,GEV,"April 2, 2024","Dec. 31, 2024"
24039,Solventum,SOLV,"April 1, 2024","Dec. 31, 2024"
91932,Supermicro,SMCI,"March 18, 2024","Dec. 31, 2024"
80133,Deckers Brands,DECK,"March 18, 2024","Dec. 31, 2024"
18641,Uber,UBER,"December 18, 2023","Dec. 31, 2024"
78096,Jabil,JBL,"December 18, 2023","Dec. 31, 2024"
90623,Builders FirstSource,BLDR,"December 18, 2023","Dec. 31, 2024"
25869,Hubbell,HUBB,"October 18, 2023","Dec. 31, 2024"
92243,Lululemon Athletica,LULU,"October 18, 2023","Dec. 31, 2024"
23696,Veralto,VLTO,"October 2, 2023","Dec. 31, 2024"
92257,Blackstone,BX,"September 18, 2023","Dec. 31, 2024"
19521,Airbnb,ABNB,"September 18, 2023","Dec. 31, 2024"
23376,Kenvue,KVUE,"August 25, 2023","Dec. 31, 2024"
94744,Palo Alto Networks,PANW,"June 20, 2023","Dec. 31, 2024"
85331,Axon Enterprise,AXON,"May 4, 2023","Dec. 31, 2024"
76043,Fair Isaac,FICO,"March 20, 2023","Dec. 31, 2024"
88537,Bunge Global,BG,"March 15, 2023","Dec. 31, 2024"
92083,Insulet,PODD,"March 15, 2023","Dec. 31, 2024"
23158,GE HealthCare,GEHC,"January 4, 2023","Dec. 31, 2024"
